"naive_predictions","drift_predictions","holt_predictions","arima_predictions","Year"
193,195.053658536585,180.709884163602,190.700451425377,2017
193,197.107317073171,182.824538627008,187.933480217253,2018
193,199.160975609756,184.896899994718,191.193340079373,2019
193,201.214634146341,186.927814128773,202.680389249443,2020
193,203.268292682927,188.918109973974,208.171066250077,2021
